{
  "name": "scene5",
  "maxRecursionLevel": 6,
  "antiAliasingFactor": 1,
  "renderRefractions": true,
  "renderReflections": true,
  "camera": {
    "cameraPosition": {
      "x": 0.0,
      "y": 0.0,
      "z": 2.0
    },
    "towardsVec": {
      "x": 0.0,
      "y": 0.0,
      "z": -1.0
    },
    "upVec": {
      "x": 0.7071067811865475,
      "y": 0.7071067811865475,
      "z": 0.0
    },
    "rightVec": {
      "x": -0.7071067811865475,
      "y": 0.7071067811865475,
      "z": 0.0
    },
    "distanceToPlain": 1.0,
    "center": {
      "x": 0.0,
      "y": 0.0,
      "z": 1.0
    },
    "Ry": 200,
    "Rx": 200,
    "viewPlainWidth": 2.0
  },
  "ambient": {
    "x": 1.0,
    "y": 1.0,
    "z": 1.0
  },
  "backgroundColor": {
    "x": 0.0,
    "y": 0.5,
    "z": 1.0
  },
  "lightSources": [
    {
      "CLASSNAME": "edu.cg.scene.lightSources.DirectionalLight",
      "DATA": {
        "direction": {
          "x": 0.0,
          "y": 0.0,
          "z": -1.0
        },
        "intensity": {
          "x": 0.7,
          "y": 0.7,
          "z": 0.7
        }
      }
    }
  ],
  "surfaces": [
    {
      "shape": {
        "CLASSNAME": "edu.cg.scene.objects.Sphere",
        "DATA": {
          "center": {
            "x": 0.5,
            "y": 0.5,
            "z": 0.5
          },
          "radius": 0.5
        }
      },
      "material": {
        "Ka": {
          "x": 0.7713773256567406,
          "y": 0.03222194345354423,
          "z": 0.859079657914104
        },
        "Kd": {
          "x": 0.7713773256567406,
          "y": 0.03222194345354423,
          "z": 0.859079657914104
        },
        "Ks": {
          "x": 0.2561243867527511,
          "y": 0.2561243867527511,
          "z": 0.2561243867527511
        },
        "reflectionIntensity": 0.0,
        "shininess": 10,
        "isTransparent": false,
        "refractionIntensity": 0.3,
        "refractionIndex": 1.5
      }
    },
    {
      "shape": {
        "CLASSNAME": "edu.cg.scene.objects.Sphere",
        "DATA": {
          "center": {
            "x": -0.5,
            "y": 0.5,
            "z": 0.5
          },
          "radius": 0.5
        }
      },
      "material": {
        "Ka": {
          "x": 0.15140687841252587,
          "y": 0.22424742132871123,
          "z": 0.28853079033148066
        },
        "Kd": {
          "x": 0.15140687841252587,
          "y": 0.22424742132871123,
          "z": 0.28853079033148066
        },
        "Ks": {
          "x": 0.32242727659280607,
          "y": 0.32242727659280607,
          "z": 0.32242727659280607
        },
        "reflectionIntensity": 0.0,
        "shininess": 10,
        "isTransparent": false,
        "refractionIntensity": 0.3,
        "refractionIndex": 1.5
      }
    },
    {
      "shape": {
        "CLASSNAME": "edu.cg.scene.objects.Sphere",
        "DATA": {
          "center": {
            "x": 0.5,
            "y": -0.5,
            "z": 0.5
          },
          "radius": 0.5
        }
      },
      "material": {
        "Ka": {
          "x": 0.7444199538880455,
          "y": 0.5441681635016308,
          "z": 0.3643954880489041
        },
        "Kd": {
          "x": 0.7444199538880455,
          "y": 0.5441681635016308,
          "z": 0.3643954880489041
        },
        "Ks": {
          "x": 0.06866241271965617,
          "y": 0.06866241271965617,
          "z": 0.06866241271965617
        },
        "reflectionIntensity": 0.0,
        "shininess": 10,
        "isTransparent": false,
        "refractionIntensity": 0.3,
        "refractionIndex": 1.5
      }
    },
    {
      "shape": {
        "CLASSNAME": "edu.cg.scene.objects.Sphere",
        "DATA": {
          "center": {
            "x": -0.5,
            "y": -0.5,
            "z": 0.5
          },
          "radius": 0.5
        }
      },
      "material": {
        "Ka": {
          "x": 0.1674256447787148,
          "y": 0.7327420952247009,
          "z": 0.17670588243803476
        },
        "Kd": {
          "x": 0.1674256447787148,
          "y": 0.7327420952247009,
          "z": 0.17670588243803476
        },
        "Ks": {
          "x": 0.058440163411167534,
          "y": 0.058440163411167534,
          "z": 0.058440163411167534
        },
        "reflectionIntensity": 0.2739456181306323,
        "shininess": 10,
        "isTransparent": false,
        "refractionIntensity": 0.3,
        "refractionIndex": 1.5
      }
    }
  ]
}